cluster_id,priority,cluster,primary_keyword,secondary_keywords,intent,canonical_target,page_status,content_action,evidence_type,source_urls,monthly_volume,keyword_difficulty,current_google_rank
K01,P1,Category,plant tissue culture software,tissue culture lab management software; tissue culture software,Commercial category,/,Existing,Clarify plant-specific category and show workflow proof,Observed vendor language plus inferred buyer variants,https://tissueculturepro.com/; https://www.invitrosoft.com/laboratory.html,Not measured,Not measured,Not measured
K02,P1,Micropropagation,micropropagation software,micropropagation lab management software,Commercial category,/,Existing,Use naturally in the same homepage lifecycle content,Observed vendor language plus inferred buyer variants,https://www.invitrosoft.com/laboratory.html; https://tissueculturepro.com/solutions/micropropagation-lab-management-software/,Not measured,Not measured,Not measured
K03,P3,Broader propagation,plant propagation software,plant propagation management software,Commercial broad,/,Existing,Supporting language only with tissue culture scope,Observed vendor language; intent broader than product,https://pat-horticulture.com/laboratory-tissue-culture/; https://bloomingood.uk/,Not measured,Not measured,Not measured
K04,P1,Feature evaluation,tissue culture software features,tissue culture workflow software,Commercial evaluation,/features,Existing,Show integrated production workflow,Observed vendor language plus inferred buyer variants,https://meristemlab.com/features; https://tissueculturepro.com/features/,Not measured,Not measured,Not measured
K05,P1,Vessel tracking,tissue culture vessel tracking software,plant culture tracking software; tissue culture tracking software,Commercial workflow,/features,Existing,Show vessel identity stage location and event history,Observed vendor language plus inferred buyer variants,https://tissueculturepro.com/solutions/plant-tissue-culture-tracking-software/; https://www.invitrosoft.com/laboratory.html,Not measured,Not measured,Not measured
K06,P1,Barcodes and labels,tissue culture barcode software,tissue culture label printing; vessel barcode tracking,Commercial workflow,/features,Existing,Explain scan record and print steps with verified hardware support,Observed vendor language plus inferred buyer variants,https://www.2ndsightbio.com/en/inventory-management/tctrak-tissue-cell-culture-tracking-system; https://meristemlab.com/features,Not measured,Not measured,Not measured
K07,P1,Subculture scheduling,subculture tracking software,tissue culture scheduling software,Commercial workflow,/features,Existing,Explain due work and transfer history,Observed vendor language plus inferred buyer variants,https://tissueculturepro.com/solutions/plant-tissue-culture-tracking-software/; https://hoodflow.subculturelabs.com/?source=plant_tissue_culture_software,Not measured,Not measured,Not measured
K08,P1,Lineage,plant culture lineage tracking,tissue culture traceability software; mother plant traceability,Commercial workflow,/features,Existing,Use a parent-child vessel example,Observed vendor language plus inferred buyer variants,https://www.2ndsightbio.com/en/inventory-management/tctrak-tissue-cell-culture-tracking-system; https://meristemlab.com/,Not measured,Not measured,Not measured
K09,P1,Contamination records,tissue culture contamination tracking software,tissue culture contamination records,Commercial workflow,/features,Existing,Show evidence logging and review without prevention guarantees,Observed vendor language plus inferred buyer variants,https://tissueculturepro.com/solutions/plant-tissue-culture-tracking-software/; https://phytolabs.in/lab-manager/,Not measured,Not measured,Not measured
K10,P1,Media records,tissue culture media management software,media batch tracking; tissue culture media records,Commercial workflow,/features,Existing,Connect recipe preparation batch and vessels,Observed vendor language plus inferred buyer variants,https://pat-horticulture.com/laboratory-tissue-culture/; https://tissueculturepro.com/,Not measured,Not measured,Not measured
K11,P1,Production planning,tissue culture production planning software,micropropagation forecasting; tissue culture production scheduling,Commercial workflow,/features,Existing,Explain inputs and forecast assumptions,Observed vendor language plus inferred buyer variants,https://www.invitrosoft.com/laboratory.html; https://hoodflow.subculturelabs.com/?source=plant_tissue_culture_software,Not measured,Not measured,Not measured
K12,P2,Culture inventory,plant tissue culture inventory software,lab culture inventory management,Commercial workflow,/features,Existing,Distinguish cultures from supplies and consumables,Observed vendor language plus inferred buyer variants,https://meristemlab.com/features; https://hoodflow.subculturelabs.com/?source=plant_tissue_culture_software,Not measured,Not measured,Not measured
K13,P2,Operational records,tissue culture audit trail,tissue culture lab records software,Commercial workflow,/features,Existing,Explain supported person time action history and exports,Observed vendor language plus inferred buyer variants,https://meristemlab.com/; https://www.2ndsightbio.com/en/inventory-management/tctrak-tissue-cell-culture-tracking-system,Not measured,Not measured,Not measured
K14,P1,Pricing,tissue culture software pricing,micropropagation software cost; VitrOS pricing,Transactional,/pricing,Existing,Keep approved prices limits billing and trial terms accurate,Observed pricing pages plus inferred buyer variants,https://meristemlab.com/pricing; https://tissueculturepro.com/pricing/,Not measured,Not measured,Not measured
K15,P1,Demo,tissue culture software demo,VitrOS demo; micropropagation software demo,Transactional,/demo,Existing,Show real product flow and next steps,Observed vendor demo paths plus inferred buyer variants,https://vitroslabs.com/demo; https://www.invitrosoft.com/laboratory.html,Not measured,Not measured,Not measured
K16,P1,Spreadsheet replacement,tissue culture software vs spreadsheets,replace tissue culture spreadsheets; Excel alternative for tissue culture,Switching evaluation,/why-vitros,Existing,Add balanced comparison and migration checklist,Observed vendor migration positioning plus inferred buyer variants,https://meristemlab.com/; https://tissueculturepro.com/solutions/plant-tissue-culture-tracking-software/,Not measured,Not measured,Not measured
K17,P2,Editorial hub,tissue culture lab management guides,tissue culture operations guides,Informational navigation,/blog,Existing empty in retrieved page,Link to substantive operational guides when published,Editorial hypothesis; public hub checked,https://www.vitroslabs.com/blog,Not measured,Not measured,Not measured
K18,P2,Vessel labeling guide,how to label tissue culture vessels,tissue culture barcode labeling workflow,Informational task,/blog/tissue-culture-vessel-labeling,Proposed guide,Teach ID record label scan and transfer with worked example,Editorial hypothesis supported by observed workflow need,https://www.2ndsightbio.com/en/inventory-management/tctrak-tissue-cell-culture-tracking-system; https://pat-horticulture.com/laboratory-tissue-culture/,Not measured,Not measured,Not measured
K19,P2,Subculture records guide,how to track subcultures,tissue culture subculture schedule,Informational task,/blog/subculture-scheduling-and-records,Proposed guide,Teach required fields due dates overdue review and exceptions,Editorial hypothesis supported by observed workflow need,https://tissueculturepro.com/solutions/plant-tissue-culture-tracking-software/; https://hoodflow.subculturelabs.com/?source=plant_tissue_culture_software,Not measured,Not measured,Not measured
K20,P2,LIMS requirements,LIMS for plant tissue culture,tissue culture LIMS vs production software,Commercial education,/blog/plant-tissue-culture-lims-requirements,Proposed guide,Compare production analytical and research requirements,Observed category distinction plus inferred buyer question,https://www.invitrosoft.com/laboratory.html; https://protolab.gravityfarms.ai/about,Not measured,Not measured,Not measured
K21,P2,Software comparison,best tissue culture software,tissue culture software comparison,Commercial investigation,/compare/tissue-culture-software,Proposed comparison guide,Publish only after dated vendor research and transparent selection criteria,Editorial hypothesis supported by observed product category,https://www.invitrosoft.com/laboratory.html; https://meristemlab.com/pricing; https://tissueculturepro.com/pricing/,Not measured,Not measured,Not measured
K22,P2,Record template,tissue culture record keeping template,tissue culture spreadsheet template,Informational resource,/blog/tissue-culture-record-keeping-template,Proposed resource,Provide usable template and field dictionary before migration pitch,Editorial hypothesis supported by observed migration need,https://meristemlab.com/; https://tissueculturepro.com/solutions/plant-tissue-culture-tracking-software/,Not measured,Not measured,Not measured
